{
  "(np.int64(1), 0, np.int64(3), 4, np.int64(1))": [
    47.116830113916095,
    120.91749356461565,
    12.969583915396626,
    48.92722458688095
  ],
  "(np.int64(5), 1, np.int64(1), 4, np.int64(2))": [
    -11.31308892180906,
    -11.495922682019286,
    -10.997073377043021,
    -12.415564936354
  ]
}