{
  "(np.int64(6), 3, 0, 4, np.int64(3))": [
    0.27019063702680113,
    0.0,
    0.0,
    0.0
  ],
  "(np.int64(8), 1, np.int64(3), 4, np.int64(2))": [
    2.2845620132324433,
    0.6195525967750302,
    0.0,
    0.0
  ],
  "(np.int64(3), 3, np.int64(2), 4, np.int64(1))": [
    -0.16350518623755536,
    0.0,
    0.0,
    0.0
  ],
  "(np.int64(7), 0, np.int64(2), 4, 0)": [
    2.3337819460265004,
    0.0,
    0.0,
    0.0
  ],
  "(np.int64(1), 1, np.int64(3), 4, np.int64(2))": [
    -0.7081386109100983,
    0.0,
    0.0,
    0.0
  ],
  "(np.int64(2), 1, np.int64(2), 4, np.int64(1))": [
    -0.6980300326930148,
    -0.782848596998325,
    0.0,
    0.0
  ],
  "(np.int64(4), 3, 0, 4, np.int64(2))": [
    -0.18683382502258616,
    0.0,
    0.0,
    0.0
  ],
  "(np.int64(8), 3, np.int64(2), 4, 0)": [
    2.467429106047107,
    0.0,
    0.0,
    0.0
  ],
  "(np.int64(6), 0, np.int64(3), 4, np.int64(3))": [
    2.4261957259719247,
    0.0,
    0.0,
    0.0
  ],
  "(np.int64(3), 1, 0, 4, np.int64(3))": [
    -0.2488796572312988,
    0.0,
    0.0,
    0.0
  ],
  "(np.int64(4), 2, np.int64(2), 4, np.int64(2))": [
    -0.22991686639374917,
    0.0,
    0.0,
    0.0
  ],
  "(0, 2, np.int64(3), 4, 0)": [
    -0.607373034587634,
    0.0,
    0.0,
    0.0
  ],
  "(np.int64(3), 3, np.int64(1), 4, 0)": [
    -0.2203232038202632,
    0.0,
    0.0,
    0.0
  ],
  "(np.int64(6), 0, np.int64(1), 4, np.int64(3))": [
    2.2981319317914344,
    0.0,
    0.0,
    0.0
  ],
  "(np.int64(7), 3, np.int64(2), 4, np.int64(1))": [
    2.39570983852524,
    0.0,
    0.0,
    0.0
  ],
  "(0, 0, np.int64(2), 4, np.int64(2))": [
    -0.6570834048167257,
    -0.7564597715860673,
    -0.0743484335753466,
    0.0
  ],
  "(np.int64(2), 0, np.int64(2), 4, np.int64(3))": [
    -1.7228617627526472,
    0.10185086370085246,
    0.0,
    0.0
  ],
  "(np.int64(4), 1, 0, 4, np.int64(1))": [
    -0.1634846987673431,
    0.0,
    0.0,
    0.0
  ],
  "(np.int64(1), 2, 0, 4, np.int64(3))": [
    -0.6738367732653806,
    0.0,
    0.0,
    0.0
  ],
  "(np.int64(4), 2, np.int64(3), 4, 0)": [
    -0.06509011896122319,
    -0.11530522920872721,
    0.0,
    0.0
  ],
  "(np.int64(6), 1, np.int64(2), 4, 0)": [
    2.2935018556438993,
    0.0,
    0.0,
    0.0
  ],
  "(np.int64(1), 3, np.int64(3), 4, 0)": [
    -0.6425045586562854,
    0.0,
    0.0,
    0.0
  ],
  "(np.int64(8), 3, 0, 4, 0)": [
    2.4169264800918473,
    0.0,
    0.0,
    0.0
  ],
  "(np.int64(3), 0, np.int64(3), 4, np.int64(3))": [
    -0.19205723026659222,
    0.0,
    0.0,
    0.0
  ],
  "(np.int64(1), 3, 0, 4, np.int64(1))": [
    -1.5886699537822364,
    0.0,
    0.0,
    0.0
  ],
  "(np.int64(2), 2, np.int64(1), 4, np.int64(2))": [
    -0.7069776136527611,
    0.0,
    0.0,
    0.0
  ],
  "(np.int64(6), 0, np.int64(1), 4, np.int64(1))": [
    2.3010122988262665,
    0.0,
    0.0,
    0.0
  ],
  "(np.int64(8), 0, np.int64(1), 4, np.int64(2))": [
    0.3946780134533829,
    0.0,
    0.0,
    0.0
  ],
  "(0, 2, 0, 4, np.int64(1))": [
    -0.6826365809565167,
    0.18669828194840862,
    0.0,
    0.0
  ],
  "(np.int64(8), 1, np.int64(1), 4, np.int64(2))": [
    2.3962435404986375,
    0.0,
    0.0,
    0.0
  ],
  "(np.int64(3), 0, np.int64(2), 4, np.int64(2))": [
    -0.1865170450439529,
    -0.015035383699224025,
    0.0,
    0.0
  ],
  "(np.int64(5), 1, np.int64(1), 4, np.int64(3))": [
    -0.04149370547024059,
    0.0,
    0.0,
    0.0
  ],
  "(np.int64(7), 1, 0, 4, np.int64(2))": [
    2.339013365167294,
    0.0,
    0.0,
    0.0
  ],
  "(np.int64(3), 2, np.int64(2), 4, np.int64(1))": [
    -0.09877997468036742,
    0.0,
    0.0,
    0.0
  ],
  "(np.int64(4), 0, np.int64(3), 4, 0)": [
    -0.0352057362401893,
    0.0,
    0.0,
    0.0
  ],
  "(np.int64(8), 0, np.int64(3), 4, np.int64(1))": [
    2.4080872643554763,
    0.0,
    0.0,
    0.0
  ],
  "(np.int64(6), 1, np.int64(2), 4, np.int64(3))": [
    -0.03066981473050756,
    0.0,
    0.0,
    0.0
  ],
  "(np.int64(2), 1, 0, 4, np.int64(2))": [
    -0.09318593106076248,
    0.0,
    0.0,
    0.0
  ],
  "(np.int64(1), 0, np.int64(3), 4, np.int64(1))": [
    -0.6020370694555442,
    0.0,
    0.0,
    0.0
  ],
  "(np.int64(6), 0, np.int64(1), 4, np.int64(2))": [
    0.4961357429045199,
    0.0,
    0.0,
    0.0
  ],
  "(np.int64(8), 3, np.int64(3), 4, np.int64(1))": [
    2.3215062471899097,
    0.0,
    0.0,
    0.0
  ],
  "(np.int64(8), 1, np.int64(2), 4, np.int64(3))": [
    2.366877346049839,
    0.0,
    0.0,
    0.0
  ],
  "(0, 2, np.int64(2), 4, np.int64(2))": [
    -1.7172257671597313,
    0.0,
    0.0,
    0.0
  ],
  "(np.int64(7), 3, np.int64(3), 4, np.int64(1))": [
    2.354356728120789,
    0.0,
    0.0,
    0.0
  ],
  "(np.int64(2), 1, 0, 4, 0)": [
    -0.7485717198125285,
    0.0,
    0.0,
    0.0
  ],
  "(np.int64(1), 3, 0, 4, np.int64(2))": [
    -0.6432153696815365,
    0.0,
    0.0,
    0.0
  ],
  "(np.int64(4), 1, np.int64(3), 4, 0)": [
    0.0,
    0.0,
    -0.11625066938214755,
    0.0
  ],
  "(np.int64(3), 3, np.int64(2), 4, np.int64(3))": [
    -0.11137180534691044,
    0.0,
    0.0,
    0.0
  ],
  "(np.int64(3), 1, 0, 4, np.int64(2))": [
    -0.04355975006238938,
    0.0,
    0.0,
    0.0
  ],
  "(np.int64(3), 1, np.int64(1), 4, 0)": [
    -0.009075499569947132,
    0.0,
    0.0,
    0.0
  ],
  "(np.int64(3), 0, np.int64(1), 4, 0)": [
    -0.06976035901176657,
    0.0,
    0.0,
    0.0
  ],
  "(np.int64(4), 2, 0, 4, np.int64(3))": [
    -0.12300689142134683,
    0.0,
    0.0,
    0.0
  ],
  "(np.int64(8), 1, np.int64(2), 4, np.int64(2))": [
    2.3198742111777784,
    0.0,
    0.0,
    0.0
  ],
  "(np.int64(4), 0, 0, 4, np.int64(1))": [
    0.0,
    0.0,
    0.0,
    -0.30904524611351586
  ],
  "(np.int64(4), 3, np.int64(2), 4, 0)": [
    0.0,
    0.0,
    0.0,
    -0.42523339175641867
  ],
  "(np.int64(2), 2, np.int64(1), 4, np.int64(1))": [
    -0.16653166628237065,
    0.0,
    0.0,
    0.0
  ],
  "(np.int64(1), 0, np.int64(2), 4, np.int64(2))": [
    -1.6175140046506975,
    0.0,
    0.0,
    0.0
  ],
  "(np.int64(8), 0, np.int64(2), 4, np.int64(1))": [
    2.4937452734912156,
    0.0,
    0.0,
    0.0
  ],
  "(0, 3, np.int64(1), 4, 0)": [
    -1.5325703123383665,
    0.0,
    0.0,
    0.0
  ],
  "(np.int64(7), 2, np.int64(2), 4, np.int64(2))": [
    2.3483293468519313,
    0.0,
    0.0,
    0.0
  ],
  "(np.int64(5), 1, 0, 4, np.int64(1))": [
    -0.14925360429156578,
    0.0,
    0.0,
    0.0
  ],
  "(np.int64(4), 2, np.int64(1), 4, np.int64(3))": [
    -0.12464668231041263,
    -0.0401090596814096,
    0.0,
    0.0
  ],
  "(np.int64(4), 3, np.int64(2), 4, np.int64(2))": [
    -0.19466440581665456,
    0.0,
    0.0,
    0.0
  ],
  "(np.int64(2), 0, np.int64(1), 4, 0)": [
    -0.57083548108076,
    0.0,
    0.0,
    0.0
  ],
  "(0, 0, np.int64(1), 4, np.int64(3))": [
    -0.5586154134765259,
    0.0,
    0.0,
    0.0
  ],
  "(np.int64(5), 1, np.int64(2), 4, np.int64(3))": [
    -0.173421414029186,
    0.0,
    0.0,
    0.0
  ],
  "(np.int64(5), 1, 0, 4, 0)": [
    -0.03813705367310058,
    0.0,
    0.0,
    0.0
  ],
  "(np.int64(8), 1, np.int64(3), 4, np.int64(1))": [
    2.3989855659733688,
    0.0,
    0.0,
    0.0
  ],
  "(np.int64(6), 3, 0, 4, np.int64(1))": [
    -0.1357932871952547,
    0.0,
    0.0,
    0.0
  ],
  "(np.int64(3), 0, np.int64(2), 4, 0)": [
    -0.1617888718244551,
    0.0,
    0.0,
    0.0
  ],
  "(np.int64(6), 1, np.int64(1), 4, np.int64(3))": [
    -0.24217971254975962,
    0.0,
    0.0,
    0.0
  ],
  "(np.int64(7), 3, np.int64(1), 4, 0)": [
    2.456372582754851,
    0.0,
    0.0,
    0.0
  ],
  "(np.int64(1), 0, np.int64(3), 4, np.int64(2))": [
    -0.6753803443685109,
    0.0,
    0.0,
    0.0
  ],
  "(np.int64(6), 2, 0, 4, 0)": [
    2.441095596378201,
    0.0,
    0.0,
    0.0
  ],
  "(np.int64(6), 1, np.int64(1), 4, np.int64(2))": [
    2.2849321289111915,
    0.0,
    0.0,
    0.0
  ],
  "(np.int64(2), 3, np.int64(3), 4, 0)": [
    -0.16574854883750112,
    0.0,
    0.0,
    0.0
  ],